Sentiment, Time, Tweet
0.1," 	2009-06-11 17:13:17", Barclays sale would put pressure on State Street Vanguard ETFs http://bit.ly/11aCgO #exchange traded fund #money
0," 	2009-06-11 17:57:42", Ai que complicado comprar ingresso do noitão HSBC Belas Artes pela internet...
0.7," 	2009-06-11 18:43:40", Reading bignews: $12 Billion Deal For Barclays Global Investors. http://bit.ly/3g7IG
0.3," 	2009-06-11 19:15:24", The June 16 lunch features panelist Diane Soucy Bergan of HSBC-North America http://bit.ly/19EMc0
-0.2," 	2009-06-11 19:18:58", Abuse of the Middle Class - http://tinyurl.com/mjrc5d Credit Card Companies are destroying the middle class. #bank #debt
0.6," 	2009-06-11 21:24:00", New secure Barclays credit/debit card payment option added!
0.1," 	2009-06-11 21:26:21", Marketing News: HSBC Bank Preps Plans For Wimbledon http://tinyurl.com/m2b9xm
0.6," 	2009-06-11 22:09:59", I don't care what http://bit.ly/WY1ye says I'm still transferring my savings over to the Natwest tomorrow.
0.1," 	2009-06-11 22:12:30", In spite of bad publicity Haier signs on as a sponsor for Barclays Center. http://www.netsdaily.com/?p=8111
0," 	2009-06-11 22:53:48", Rid-of-Debt.com - http://tinyurl.com/kt3fp6 Get rid of debt. Don't feel guilty #debt #bank #tlot
0.1," 	2009-06-11 23:39:31", Account Manager Personal Financial Services - HSBC CA - Toronto ON http://bit.ly/18QzKL
0.1," 	2009-06-11 23:39:33", Investment Services Representative (4 Vacancies) - HSBC CA - Toronto ON http://bit.ly/jQVcE
0.1," 	2009-06-11 23:39:34", Senior Account Manager - Commercial Banking - HSBC CA - Toronto ON http://bit.ly/aQrYK
0.1," 	2009-06-11 23:59:00", Area Manager Barclays Financial Planning: We have opportunities in this role UK wide Planning for success At Bar.. http://tinyurl.com/lwprdc
0.5," 	2009-06-11 23:59:18", Pl. RT: Retirement Planning Faces A Perfect Storm - HSBC #seniors http://cli.gs/yp8rnP
0.8," 	2009-06-12 00:01:19", New blog post: Nationwide Building Society Expands Mortgage Products http://bit.ly/5SjCN
0.4," 	2009-06-12 00:41:03", BlackRock Agrees to Acquire Barclays Global Investors Including Its ... - StreetInsider.com: NEW YORK--(BUSINES.. http://bit.ly/17KcJd
0," 	2009-06-12 00:42:16", Closed all buy orders out for profit good thing Blackrock is buying Barclays Global market is going the other way now
0.4," 	2009-06-12 00:48:26", DealBook: BlackRock to Buy Barclays Global Investors: BlackRock said it had agreed to acquire Barclays Global In.. http://tinyurl.com/nhuvk9
0.4," 	2009-06-12 00:56:21", #finance BlackRock to buy asset management arm of Barclays http://cli.gs/Z12u3p
0," 	2009-06-12 01:03:03", Market Insider: Friday Look Ahead http://cnbc.com/id/31275755 $EUR-TN #Banking #Congress #Currencies #StockMarket #InvestmentStrategy
0.4," 	2009-06-12 01:04:13", 这个还是要推一下的RD @nytimes: DealBook: BlackRock to Buy Barclays Global Investors http://bit.ly/v3Teu
0.4," 	2009-06-12 01:09:11", BlackRock to Buy Barclays Global Investors - DealBook Blog - NYTimes.com http://ff.im/3S9m9
0.4," 	2009-06-12 01:12:09", BlackRock to Buy Barclays Global Fund Unit for $13.5 Billion - Bloomberg: ReutersBlackRock to Buy Barclays Globa.. http://bit.ly/L62Gm
0.4," 	2009-06-12 01:14:18", BlackRock to Buy Barclays Global Fund Unit for $13.5 Billion: s investment unit in 2006 which enabled BlackRock.. http://bit.ly/P0tAx
0.4," 	2009-06-12 01:16:51", BlackRock to Buy Barclays Global Fund Unit for $13.5 Billion - Bloomberg: ReutersBlackRock to Buy Barclays Globa.. http://tinyurl.com/mgukjn
0.4," 	2009-06-12 01:19:02", BlackRock to buy BGI for $13bn: BlackRock agreed to pay more than $13bn in cash and shares to buy Barclays Globa.. http://tinyurl.com/mom92j
0.4," 	2009-06-12 01:20:20", BlackRock to Buy Barclays Global Investors http://bit.ly/5CjRv
-0.3," 	2009-06-12 01:20:23", Barclays' Sale of `Family Silver' May Weaken Bank as It Bolsters Capital http://t.love.com/222004428
0.4," 	2009-06-12 01:29:05", blackrock to Buy Barclays Global Fund Unit for $13.5 Billion - Bloomberg http://tinyurl.com/kueygh
0.1," 	2009-06-12 02:51:57", New York NY - Private Client Services Regional Administration Manager - HSBC Bank: Make the Right Move and join.. http://bit.ly/zOZaR
-0.1," 	2009-06-12 03:46:38", RT: @pangti: hsbc online and net4india are deadly combination - one works only in firefox and one only in ie
0.3," 	2009-06-12 04:54:21", #vc Barclay&#8217;s Diamond to make $26m on BGI: Barclays president Bob Diamond stands to make a $26m profit .. http://tinyurl.com/kq4kk8
0.1," 	2009-06-12 05:25:27", Rochester Jobs Branch Relationship Banker - HSBC Bank - Rochester NY: Make the Right Move and joi.. http://tinyurl.com/mc3nx6
0.4," 	2009-06-12 05:38:27", Reading about Blackrock / Barclays $BCS deal http://bit.ly/Tq8gD - $BCS up over $20 again after hours
0.1," 	2009-06-12 06:05:12", Senior User Interface Designer - HSBC - Mettawa IL: position is for a Senior User Interface Designer (UI Design.. http://tinyurl.com/lqpttx
0.4," 	2009-06-12 06:23:42", More protection for Barclays http://bit.ly/14aCV0
0.2," 	2009-06-12 06:32:05", Lehman to Pay Barclays $6 Million for Its Own Desks Chairs: The repurchase is necessary because “Barclays has a.. http://tinyurl.com/kjrhgv
0.1," 	2009-06-12 06:37:35", Personal Loan - Direct Sales Representatives | Zebra Strategic Outsource Solution Limited - Citibank | http://bit.ly/zh6by | #bank
0.4," 	2009-06-12 06:50:49", BBC News: Blackrock in £8.2bn Barclays deal: Barclays agrees to sell its fund management division Barc.. http://tinyurl.com/ncll8d
0.5," 	2009-06-12 07:04:29", Barclays sees capital boost from $13.5 bln BGI sale: LONDON/BOSTON (Reuters) - British bank Barclays confirmed o.. http://tinyurl.com/lk7se8
0.1," 	2009-06-12 07:07:17", Bilingual Business Relationship Manag... - HSBC - CA - San Francisco (http://tinyurl.com/nnohqh) CareerBuilder #jobs
0.2," 	2009-06-12 07:08:41", Selling the family silver or shrewd investment? Blackrock's £8.2bn Barclays fund manager buy http://bit.ly/kjcNi Certainly brings in cash
0.4," 	2009-06-12 07:15:42", Asian Stocks Gain a Third Day on Retail Sales China Lending; HSBC Climbs http://t.love.com/222287445
0.6," 	2009-06-12 07:35:21", Co-operative bank & Santander now do free business banking any others?
0.1," 	2009-06-12 08:06:37", Business Relationship Manager Busines... - HSBC - CA - Walnut (http://tinyurl.com/klgzxn) CareerBuilder #jobs
0.1," 	2009-06-12 09:07:22", Bilingual Business Relationship Manag... - HSBC - CA - San Francisco (http://tinyurl.com/nnohqh) CareerBuilder #jobs
0.2," 	2009-06-12 09:13:26", Lehman to Pay Barclays $6 Million for Its Own Desks Chairs http://bit.ly/2Vm9bm
0.4," 	2009-06-12 09:14:01", thanks to the team who made inspiring entrepreneurship possible. Neil Bevan Hunter Bevan Howard & Dan Border Business Ruth Maddox Barclays
-0.1," 	2009-06-12 09:17:20", RT @TheLexColumn: Coming later: Blackrock buys Barclays BGI US bonds RT Watch now how Barclays loan book losses magically get bigger!!!
-0.1," 	2009-06-12 09:24:34", Barclays staff set for £365m windfall: Scores of Barclays staff were in line to share a £365m windfall today aft.. http://tinyurl.com/m5pabp
0.2," 	2009-06-12 09:39:41", RT @grahunt: http://bit.ly/jJCZh Spain the best place to raise children as an expat acc to HSBC
0.4," 	2009-06-12 09:42:54", M&C World News Barclays in profitable sale of fund management division : London - Britain's Barcla.. http://tinyurl.com/n7uu7y
0.3," 	2009-06-12 09:47:58", HK Shares End Up Led By HSBC Chinese Banks On May Loan Data: HONG KONG (Dow Jones)--Gains in HSBC and Chinese b.. http://twurl.nl/zfd454
-0.1," 	2009-06-12 09:51:34", RateTake: Barclays shares down after sale of investment unit (AP) http://tinyurl.com/meruod
-0.1," 	2009-06-12 09:51:40", Barclays: Goodbye BGI Investors seem disappointed to see the fund management arm go even with the high price tag. http://bit.ly/18u0qh
0.2," 	2009-06-12 10:01:52", RT @AdahParris At IPA Client Services Breakfast session with Dennis Turner Chief Economist HSBC... The UK: How Long How Deep?
0.2," 	2009-06-12 10:02:48", RT @InformedChoice: Pensions 'perfect storm' for an unprepared world?: New research this week from HSBC I.. http://tinyurl.com/m98w2p
0.2," 	2009-06-12 10:03:25", eOffice finalist at HSBC Startup Star Awards http://twitgoo.com/re3a
0.4," 	2009-06-12 10:04:42", HK Shares End Up Led By HSBC Chinese Banks On May Loan Data - Wall Street Journal: Globe and MailHK Shares End .. http://tinyurl.com/lwclko
0.1," 	2009-06-12 10:05:43", Business Relationship Manager Busines... - HSBC - CA - Walnut (http://tinyurl.com/klgzxn) CareerBuilder #jobs
0.1," 	2009-06-12 10:06:58", Bilingual Business Relationship Manag... - HSBC - CA - San Francisco (http://tinyurl.com/nnohqh) CareerBuilder #jobs
0.2," 	2009-06-12 10:33:46", Insurance News: Pensions ‘Perfect Storm’ Looms For Unprepared World HSBC http://tinyurl.com/peqj8s Full http://tinyurl.com/cqyrh8
0.1," 	2009-06-12 10:41:38", RT @joycefeldman: IPensions ‘Perfect Storm’ Looms For Unprepared World HSBC http://tinyurl.com/peqj8s Full http://tinyurl.com/cqyrh8
0.1," 	2009-06-12 10:41:40", FHN Day 5 at the Standard Chartered Bank FIH Junior Men's World Cup in Singapore and Johor Bahru was an excit.. http://tinyurl.com/mdjvzr
0.1," 	2009-06-12 11:05:41", Business Relationship Manager Busines... - HSBC - CA - Walnut (http://tinyurl.com/klgzxn) CareerBuilder #jobs
0.1," 	2009-06-12 11:06:57", Bilingual Business Relationship Manag... - HSBC - CA - San Francisco (http://tinyurl.com/nnohqh) CareerBuilder #jobs
0.4," 	2009-06-12 11:30:43", Barclays To Be Well-Capitalized After BGI Sale - CEO - Wall Street Journal http://ow.ly/dGAl
0.1," 	2009-06-12 11:35:26", Jarden Corporation to Participate in the Barclays Capital Leveraged Finance Consumer Conference http://tinyurl.com/ksa35x
0.1," 	2009-06-12 12:05:43", Business Relationship Manager Busines... - HSBC - CA - Walnut (http://tinyurl.com/klgzxn) CareerBuilder #jobs
0.4," 	2009-06-12 12:30:35", HSBC Sells Joint Venture Stake To Global Payments (http://cli.gs/unqTbz)
0.3," 	2009-06-12 12:37:59", BBC - Peston&#39;s Picks: More protection for Barclays: The small number of senior staff were gifted &quot;shado.. http://bit.ly/ljNeN
0.3," 	2009-06-12 12:42:16", http://bit.ly/pck2A BGI sale relieves capital concerns over Barclays
0.1," 	2009-06-12 13:07:36", Deputy Credit Manager - Credit Policies | Bank of Communications Co. Ltd. Hong Kong Branch | http://bit.ly/Jqqf7 | #bank
0.4," 	2009-06-12 13:52:04", Growing Stronger From the Crisis: Standard Chartered Global Focus - Power shifts East outlook for dollar oil http://bit.ly/ZoKck
0.1," 	2009-06-12 14:07:02"," RT @choosenick""Less becomes more in product and service design"": http://bit.ly/Vl77Z Pdf magazine from Barclays"
0.1," 	2009-06-12 14:25:57"," The Dollar strengthens before the G8 meeting: ...profit particularly going into the G8 meeting"" HSBC director .. http://tinyurl.com/mt5442"
0.2," 	2009-06-12 14:54:39", Changes - HSBC: Changes - HSBC. HSBC has appointed Simon Hotchin as head of the insurance solutions group in its.. http://tinyurl.com/n47jxt
0.1," 	2009-06-12 15:08:26", FirstRand Boss Nxasana to Battle Citigroup Barclays for Growth in ...: Nxasana 51 was educated at the Univers.. http://bit.ly/qBBbU
0.2," 	2009-06-12 15:08:29", Ping An to Buy Shenzhen Bank Stake for $3.2 Billion: Ping An part owned by HSBC Holdings Plc bought 89 percent.. http://bit.ly/CFDrK
0.2," 	2009-06-12 15:11:54", Ini NIKE di mana li? *busuk* RT @absolutraia: Wow 10% discount more for HSBC on Nike Sale up to 50% off ?!! ngehe! racun bapuk! Tidaaaa ...
0.4," 	2009-06-12 15:34:17", UPDATE HSBC sells joint venture stake MarketWatch: LONDONMarketWatch HSBC Holdings said Friday that it has sold .. http://bit.ly/wnGBN
0.2," 	2009-06-12 15:53:56", Ockham Blackrock and Barclays Team Up in Wealth Management: With the infusion of 6.6 billion dollars in ca.. http://tinyurl.com/mtptlk
0.1," 	2009-06-12 16:00:07", Dividend.com: Best Buy's Price Target Raised by Barclays (BBY) http://www.dividend.com/blog/?p=9700
0.2," 	2009-06-12 16:22:00"," Barclays Wealth ""hopes to be optimistic (about economy) soon"" - see full report at BusinessWeek http://tiny.cc/hh0rD"
0.4," 	2009-06-12 16:23:38", HSBC and PwC to advise Nama http://short.ie/tzq0ei
-0.2," 	2009-06-12 16:41:51", Ugh the offices of the DMV must be the closest things to hell follow by FITs financial aid office and HSBC customer service! Ugh long day!
0.4," 	2009-06-12 16:46:36", NAMA has announced that HSBC has won the contract to give banking and financial advice to the agency. http://short.ie/aeunzx
0.1," 	2009-06-12 16:56:07", RT @Blackberry_News: Verizon CEO confirms Storm2 and Tour on the way: Speaking at the Barclays Capital conference this morning in New.. ...
0.1," 	2009-06-12 17:06:40"," RT @AdahParris: ""National debt will soar to 75% GDP"" - according to dennis turner hsbc - top session this morning"
-0.1," 	2009-06-12 17:26:49", Nets Ink Sponsorship Deal With China-Based Haier who will have a store at the team's new Barclays Center in Brooklyn. http://bit.ly/NoEne
0.2," 	2009-06-12 17:41:16", At what level of fees? RT @IrishTimesBiz: HSBC and PwC to advise Nama http://short.ie/tzq0ei
0.4," 	2009-06-12 18:14:45", HSBC HOLDINGS PLC- HSBC SELLS ITS MERCHANT SERVICES STAKE. HSBC Holdings sold its 49% stake in HSBC Merchant ... http://tinyurl.com/lggru4
0.3," 	2009-06-12 19:18:23", http://twitpic.com/77tg9 - HSBC bank Stratford upon Avon. What a branch!
-0.2," 	2009-06-12 19:52:24", swine flu Barclays chief pockets £22m in single day as bank reaps £8.2bn windfall from funds arm sale :.. http://tinyurl.com/kkzg44
0.3," 	2009-06-12 21:49:52", HK Shares End Up Led By HSBC Chinese Banks On May Loan Data http://bit.ly/CzxEA
0.1," 	2009-06-12 22:13:40", Good luck Jen. RT @jenhawkins: Spoke to Barclays Business competition today am keeping fingers crossed !
-0.1," 	2009-06-13 00:29:30", The Hard Sell: HSBC: The relentless niceness of bank adverts nowadays is getting so wearying that it almost impe.. http://tinyurl.com/nsmn2g
-0.2," 	2009-06-13 00:37:11", More than 400 top executives at Barclays PLC will pocket a total of £380 million - the utter insensitivity off it all. http://bit.ly/blSCw
0.2," 	2009-06-13 00:45:58", Money Saving Tips & E: 30/06 Win A Coaching Session With The Professionals (HSBC Customers) (.. http://cli.gs/Tv00Mb
0.1," 	2009-06-13 01:15:33", San Jose Jobs Bilingual Branch Relationship Banker-Mountain View - HSBC Bank - San Jose CA: Make t.. http://tinyurl.com/nfmoka
0.1," 	2009-06-13 01:16:23", Seattle Jobs Premier Relationship Manager - Mercer Island - HSBC Bank - Seattle WA: Make the Right .. http://tinyurl.com/kseylu
0.1," 	2009-06-13 01:16:25", Seattle Jobs BRM Business Development Officer - Mercer Island - HSBC Bank - Seattle WA: Make the Ri.. http://tinyurl.com/kkfeol
0.1," 	2009-06-13 01:16:33", Seattle Jobs Branch Relationship Banker - Mercer Island - HSBC Bank - Seattle WA: Make the Right Mo.. http://tinyurl.com/llo3b2
-0.3," 	2009-06-13 01:19:43", RT @Convertbond: Let me get this straight Barclays records gain of $3.75 billion buying Lehman in Bankruptcy + $BAC overpays by $5 billi ...
-0.2," 	2009-06-13 01:35:03", Barclays' reliance on investment banking 'to rise' (at FT.com) - http://www.forexglobe.net?p=173
-0.1," 	2009-06-13 01:35:17", @Debonairo ACC & Bell Centre is too corporate...BEST NHL arena in my humble opinion is HSBC home of Buffalo Sabres!!
0.1," 	2009-06-13 01:46:21", Seattle WA - BRM Business Development Officer - Mercer Island - HSBC Bank: Make the Right Move and join a winni.. http://bit.ly/KsHsn
0.1," 	2009-06-13 01:46:22", Seattle WA - Branch Relationship Banker - Mercer Island - HSBC Bank: Make the Right Move and join a winning tea.. http://bit.ly/rfyeG
-0.3," 	2009-06-13 02:42:21", Backlash for PM as bank boss pockets £22million - Herald: Critics rounded on senior Barclays executive Bob Diamo.. http://bit.ly/lRXKD
0.3," 	2009-06-13 02:45:29", NatWest launches student account | Loans Information http://bit.ly/OKnmj
-0.4," 	2009-06-13 04:19:10", RT @Adrigonzo: BlockRock/Barclays to Everyone Else: Our Balls are Too Big to Fail $$ $BLK $BCS http://tinyurl.com/mjalxa |----she's crazy!!!
-0.5," 	2009-06-13 05:09:17", We are just using Barclays as an SIV (off-balance sheet conduit) for all the toxic waste that the Fed got finish.. http://twurl.nl/yzk6pm
-0.3," 	2009-06-13 07:17:20", COMONN PLEAS: Litton Loan Servicing vs. Charles Burtnett etc.; case dismissed. HSBC Bank vs. Leo Lemal etc.; f.. http://bit.ly/h5JAt
-0.4," 	2009-06-13 10:45:03", For HSBC Big Risks Still Loom http://bit.ly/AMpZ9
-0.3," 	2009-06-13 10:57:20", Lehman Still In Dispute With Barclays Over Who Owns What Including Office Furniture http://tinyurl.com/nwl5dk
-0.3," 	2009-06-13 13:18:56", AMEX Bank of America Citibank Capital One and HSBC raising rates on millions of credit-card holders http://tinyurl.com/n2q4p2
0.3," 	2009-06-13 16:04:59", HSBC Bank makes push to Russia's super wealthy - http://tinyurl.com/nyqlrx
-0.2," 	2009-06-13 19:37:02", It's wrong just how satisfying it is shredding three years worth of redundant receipts and Barclays junk mail.
0.1," 	2009-06-13 19:48:51", Investment Counselor (Mandarin/Cantonese speaking) - HSBC CA - Vancouve ...http://jobsurl.com/654ae
0.1," 	2009-06-13 22:18:28", Million £s in a mattress... No just more than one bank acct thank God. And quite a few CCs all of them completely full. Natwest?
-0.1," 	2009-06-13 23:38:29", Guardian business: From NatWest to Nationwide – help me sort out this sort code mess http://bit.ly/TgNvi
-0.4," 	2009-06-14 01:24:27", tg> Lloyds Bank hit by Obama tax purge - Telegraph.co.uk | Barack ...: Lloyds Bank hit by Obama tax purgeT.. http://bit.ly/sE89S
0.1," 	2009-06-14 02:42:34", San Francisco CA - Bilingual Part-Time Branch Customer Service Rep - HSBC Bank: Make the Right Move and join a .. http://bit.ly/ZYzsV
0.4," 	2009-06-14 05:34:01", RBS confirms $2.34 billion Bank of China stake sale: Royal Bank of Scotland (RBS.L) confirmed on Wednesday that .. http://tinyurl.com/kwjp8a
0.1," 	2009-06-14 09:09:53", Senior Sales Managerin/Senior Sales Manager - HSBC Trinkaus - Düsseldo ...http://jobsurl.com/6732e
-0.3," 	2009-06-14 09:16:25", 'Lloyds Bank facing £450m loss on Admiral Taverns': Your weekend newspaper round-up http://u.mavrev.com/ar5y
0.3," 	2009-06-14 10:06:03", HSBC Mortgage Rate Matcher? http://tinyurl.com/ooyejq saw the bank manager yesterday the outcome? worth asking but ......................
-0.2," 	2009-06-14 10:09:10", HSBC scraps current account interest #free http://bit.ly/or5R2
0.1," 	2009-06-14 10:46:21", Barclays celebrates World Environment Day 2009: Barclays celebrated the World Environment Day 2009 in partnershi.. http://bit.ly/WixO5
0.1," 	2009-06-14 12:27:18", UAE tops HSBC index for trade confidence: Import export traders see Middle East as offering best short-term gro.. http://tinyurl.com/n7r4rq
0.2," 	2009-06-14 14:39:15", CBA in line for Lloyds buy-up: COMMONWEALTH Bank is reportedly in the running to buy a sizeable part of Lloyds B.. http://tinyurl.com/nlrtyd
-0.4," 	2009-06-14 20:44:09", Ugh . . . RT @TwallSt: For HSBC Big Risks Still Loom http://bit.ly/AMpZ9
0.1," 	2009-06-14 21:29:51", India vs England Natwest 2002 Final (England Batting) - http://tinyurl.com/mdrfar
-0.2," 	2009-06-14 22:10:33", RT @jamesfarrar: Natwest must be joking w their travelling mobile vans banking TV ads -- I mean really
0.1," 	2009-06-15 00:14:11", Rich investors wary of more gloom to come says Barclays Wealth report http://u.mavrev.com/avp0
0.2," 	2009-06-15 01:12:28", Lloyds set to write off £450m debt: LLOYDS Banking Group is thought to be set to write off £450 million on its i.. http://tinyurl.com/magb3k
0.2," 	2009-06-15 01:53:39", StanChart sets guidance on perpetual bond sale-source http://tinyurl.com/lyywfc
0.1," 	2009-06-15 08:32:03", HSBC segregates general banking from investment services. http://asianbankingandfinance.net/news/1054
0.1," 	2009-06-15 08:42:03", Lloyds looking for equity investor in Admiral Taverns: Lloyds Bank has been looking for a new equity investor to.. http://tinyurl.com/nkhuk4
0.1," 	2009-06-15 08:44:27", watching HSBC's Cathryn Hayes on franchising useful for those considering franchising. http://bit.ly/Ru1sG
0.1," 	2009-06-15 08:45:15", Stephen King of HSBC: We've seen a slight pick up in activity but the level of activity is still depressed. #montecarlux
0.1," 	2009-06-15 08:52:56", Technical Associate (Temporary for 12 months) HSBC Technology and Services Asia-Pacific | The Hongkong and S... | http://bit.ly/16tGAK | #it
0.1," 	2009-06-15 08:57:23", HSBC-BPO/ITES /CRM/BangaloreHyderabad | India's Best Colleges ...: HSBC Global Resourcing Centres form a vi.. http://tinyurl.com/np38nx
-0.3," 	2009-06-15 09:11:39", Lloyds Banking Group loses £450 million betting on 2000 British pubs. Executives blame the losses on their unde.. http://u.mavrev.com/ayqa
-0.6," 	2009-06-15 09:41:57", Bastards at HSBC told me that they couldn't guarantee I'd get the money back.
-0.4," 	2009-06-15 09:51:28", RT @Traceyspacey: @Mangowe Not sure that HSBC should be saying that. HSBC are pretty good at holding onto other peoples money. < Or not.
0.5," 	2009-06-15 10:17:18", Afaq Khan sees healthy prospects for Islamic finance | Opalesque ...: From Arabnews.com: Standard Chartered Bank.. http://bit.ly/IP2lo
0.2," 	2009-06-15 13:14:42", Start Shifting Investment Strategy to Offense Barclays Wealth Says: WSJ http://is.gd/12rBi
0," 	2009-06-15 13:30:48", Barclays bank. Joy!
-0.2," 	2009-06-15 13:37:47"," RT @financialtimes FT Alphaville says ""bucket please"" on adoring Sunday Times (U.K.) profile of Barclays' Diamond. http://tinyurl.com/llyg3k"
0.3," 	2009-06-15 13:46:23", New post: Risk Analysis Unit HSBC http://cli.gs/uu6Dr8
0.1," 	2009-06-15 14:08:46", HSBC Private Bank rejigs Asia management - Wealth Bulletin: HSBC Private Bank rejigs Asia managementWealth Bulle.. http://tinyurl.com/ld25mj
0," 	2009-06-15 14:20:09", [NotSoHeadlineNews] Barclays bank worker paid double by accident is told she can hold onto the money - http://is.gd/12w8x
-0.3," 	2009-06-15 14:24:02", $LLOY Lloyds Banking Group drops US customers http://ow.ly/eaE1
0.6," 	2009-06-15 16:03:25", Standard Chartered Emerges from Credit Crunch A Winner http://bit.ly/HbDL2
0.1," 	2009-06-15 16:22:53", http://bit.ly/13gx00 Energy efficiency outpacing renewable peers: HSBC
0.1," 	2009-06-15 16:23:26", Energy efficiency outperforming climate investment says HSBC: http://tinyurl.com/kmyje6
0.1," 	2009-06-15 16:33:46", Just subscribed to The Island Games newsletter RSS feed also available. www.natwestislandgames2009.ax
0.1," 	2009-06-15 16:54:27", RT @ClimateBuzz: Energy efficiency outperforming climate investment says HSBC: http://tinyurl.com/kmyje6
0.4," 	2009-06-15 17:57:02", Europe stocks close down financials weigh: However Lloyds Banking Group (LLOY.L) gained 2.3 percent after the .. http://bit.ly/KFxeJ
0," 	2009-06-15 18:02:48", @quirkytraveller Hi Zoe many thanks for the RT - any good news from Barclays?
0.4," 	2009-06-15 18:17:44", RT @goingman: Global Payments acquires remaining 49% stake in HSBC Merchant Services JV http://tinyurl.com/ldlnv5
0.3," 	2009-06-15 18:29:36", RT from @adamwerbach: Every HSBC employee gets the opportunity to go on an Earthwatch service trip -- great engagement idea.
0," 	2009-06-15 19:12:49", http://i-uk.blogspot.com/ U KAIRPORT PICKUP LONDONGUMTREEBTABBEYTHAMES WATEREBAYARGOSAMAZONNATWESTBARCLAYS
0.3," 	2009-06-15 19:35:57"," Citizens Bank is part of RBS which has been a good partner of Santander. The "" Espanoles"" said they want to buy another bank Citizens Botin"
0.3," 	2009-06-15 19:55:02", RT - #moneytip - Natwest classic credit card: Completely new to credit cards and just wanted som.. http://tinyurl.com/lea6gf
0.2," 	2009-06-15 19:59:35", WE are one of the few sponsors of Get safe On line along with most of the founding partners HM Government HSBC Microsoft Cable & Wireless
0.1," 	2009-06-15 20:57:05", Need a #job: Investment Services Representative (4 vacancies) - HSBC - Toronto ON - http://tinyurl.com/ltle2r
-0.3," 	2009-06-15 21:45:33", Looks like there's going to be a spare chair in the Barclays boardroom. http://tinyurl.com/ld6g4m
0.3," 	2009-06-16 02:36:01", StanChart sells $1.5 bln perpetual bonds - source http://r.reuters.com/ryg27c
0.2," 	2009-06-16 03:11:13", New post: LOWONGAN KERJA BANK HSBC JAKARTA INDONESIA CORPORATE BANKING AVP RISK ANALYST UNIT http://cli.gs/0ABvzW
0.3," 	2009-06-16 03:12:16", StanChart sells $1.5 bln perpetual bonds - source http://bit.ly/Fq9Sl
0.2," 	2009-06-16 03:15:27", Podcast: CPI Expected To Head South - Alvin Liew Standard Chartered Bank - http://bit.ly/1f3A1N
0.2," 	2009-06-16 03:30:33", HSBC Waiting to Raise Stake in Insurance JV http://tinyurl.com/mnwu9u
0.2," 	2009-06-16 04:13:17", 【110183558】News PM June 12 [Dongfeng Auto Jan-May Sales Down; HSBC Targets 100 Mainland Branches by Yea] http://t.caijing.com.cn/EfEvnx
0.3," 	2009-06-16 05:02:16", 【110184731】HSBC China Wins Approval for Yuan Bond Issue in Hong Kong [The bank won approval to issue yu] http://t.caijing.com.cn/EHvsHO
0.1," 	2009-06-16 06:23:39", Newark Jobs New Business Specialist - Private Client Services - HSBC Bank - Buffalo NY: Make the Rig.. http://tinyurl.com/ns9sz8
0.2," 	2009-06-16 07:28:26", Forex Signal Forex trading system: Barclays Capital sees a chance ...: Forex Signal Forex trading system. Mark.. http://bit.ly/TWsu4
0.1," 	2009-06-16 08:40:52", Few are ready for retirement: HSBC survey (http://cli.gs/T7NVUY)
0.2," 	2009-06-16 09:07:45", Barclays UK extends deadlines http://bit.ly/R7R36
0.1," 	2009-06-16 09:16:50", AT&T Telecoms Lowered By Barclays Capital http://bit.ly/9Nm9o
-0.2," 	2009-06-16 09:50:16", RT @nytimesbusiness Credit Bailout: Issuers Slash Card Bal http://bit.ly/SU9Sj - HSBC collecting less than $ owed to settle sev. delq accts.
0.1," 	2009-06-16 10:02:06", Energy efficiency outpacing renewable peers: HSBC - Reuters.. http://bit.ly/9xyE5
0.3," 	2009-06-16 10:02:16", Intriguing. RT @ sarabedford Simon Lewis good guy when I knew him at NatWest in '90s. His uni friendship with Robert Peston won't hurt!
0.1," 	2009-06-16 10:09:01", Xs2TheWorld and Ogilvy created HSBC/SA Lions Rugby App.from UK Text 'Lions' to 60999 via web click here http://bit.ly/8BFF RT @sandermobile
0.1," 	2009-06-16 10:21:27", Energy efficiency outpacing renewable peers: HSBC http://bit.ly/5T4gY
0.1," 	2009-06-16 10:28:52", HSBC belässt Deutsche Beteiligungs AG auf 'Overweight' http://tinyurl.com/lq4kxb
0.3," 	2009-06-16 10:46:32", RT @MadameButcher: Barclays Wealth makes clients go through psychometric tests to establish their appetite for risk. http://bit.ly/p3LLH
0.2," 	2009-06-16 10:48:24", Canara HSBC Oriental Bank of Commerce Life Insurance Celebrates Successful First Year of Operations http://bit.ly/18FV9f
0.1," 	2009-06-16 11:30:29", Advies: Barclays: Verizon Communications kopen. http://tinyurl.com/nqhcu6
0.1," 	2009-06-16 11:30:32", Advies: Barclays: AT&T kopen. http://tinyurl.com/ltoofy
-0.3," 	2009-06-16 13:01:47", grrr Barclays! the one time when I literally don't have a penny in my pocket and I need some cash. Get working again! #barclays
-0.4," 	2009-06-16 13:16:28", Every single Barclays cash point in the uk is down.
0.2," 	2009-06-16 13:18:35", HSBC Securities To Delist IL&FS Investsmart http://www.vccircle.com/node/5474
-0.4," 	2009-06-16 13:39:37", Whole of Barclays Bank has crashed....Not wot I need right now Guys. Advice was 2 borrow money off a friend. Thieves - this is your moment!
-0.2," 	2009-06-16 13:53:34", HSBC advertisements plastered all over the place. My bank is the ish. Lol http://mypict.me/41AK
-0.3," 	2009-06-16 13:54:56", Nor online purchases& banking or phonebank RT @bbcnews: Some UK customers can't withdraw cash from Barclays' ATMs http://tinyurl.com/n72hu3
0.1," 	2009-06-16 14:06:24", Tuesday Headlines: Energy Efficiency Costs Outpace Renewable Peers: HSBC Will Coal Finally Get the Chance to Cle.. http://tinyurl.com/ned3tx
-0.5," 	2009-06-16 14:54:25", RT @vvshah15: BBCNEWS: Technical problem hits Barclays http://tinyurl.com/mdvsso
0.1," 	2009-06-16 15:06:23", Senior Premier Relationship Manager - HSBC - NY - New York (http://tinyurl.com/nvckhb) CareerBuilder #jobs
-0.3," 	2009-06-16 15:29:13"," RT @Rebecca_Thomson: what's a ""failed disc array""? That's what's causing the Barclays problems... http://bit.ly/mWvJk"
-0.3," 	2009-06-16 15:34:46", RT @housepricecrash: Times: Millions of Barclays customers hit by IT fault http://bit.ly/XGOxJ
-0.3," 	2009-06-16 16:19:12", RT @GoodandBadPR: Bad PR- Barclays having a mare as ATMs and online banking down for half of customers...http://bit.ly/1XkTo
-0.3," 	2009-06-16 16:25:27", Barclays outage due to a failed disk array? Strange they couldn't just invoke DR - bad design? http://twurl.nl/m1kjx3
0.2," 	2009-06-16 16:33:21", Barclays Wealth on expansion path in Asia: AsiaOne By CONRAD TAN Barclays Wealth plans &#39;aggressive&#39; expa.. http://tinyurl.com/nmofr3
-0.3," 	2009-06-16 16:39:52", @declancurry Yep Barclays cash machine in Trowbridge Wiltshire not working. Also HSBC out of action.
0.1," 	2009-06-16 16:41:48", Barclays names non-agency mortgage director in NY http://bit.ly/1jiKoM
-0.4," 	2009-06-16 17:09:48", Barclays' customers left frustrated: BARCLAYS customers were left frustrated after all the bank's ATMs in the So.. http://tinyurl.com/nvk73u
0.3," 	2009-06-16 17:14:44", RT @crainsbusiness: Barclays Comm Bnk in Manchester has provided an Enterprise Finance Guarantee loan worth £363k. http://tinyurl.com/lgu9x6
-0.3," 	2009-06-16 17:36:26", Barclays Bank loses GH¢46.9m to fraudsters loan defaulters in 2008 - Survey http://bit.ly/hOG8Q
-0.2," 	2009-06-16 18:09:36", BBC News: Barclays fixes hardware problem: Barclays says it has fixed a technical fault that left some .. http://tinyurl.com/n72hu3
0.2," 	2009-06-16 18:19:49", FC Market : HSBC Securities plans to delist IL&FS Investsmart http://tinyurl.com/mgb9rt
-0.4," 	2009-06-16 18:23:46", Barclays' ATMs go down: BARCLAYS customers were frustrated after all the bank's ATMs in the South of England wen.. http://tinyurl.com/kt5vn6
0.2," 	2009-06-16 23:50:17", Xcel Energy Participation in Panel Discussions at Barclays Capital ... http://u.mavrev.com/bgrr
0.1," 	2009-06-17 02:02:59", 25 Jobs at HSBC -- GO TO http://a2a.me/ISG now!!!!
0.1," 	2009-06-17 02:27:41", 06/17/09: Lloyds Banking Group says it will cut 1600 jobs in UK lending shake up Video URL: http://bit.ly/aMA3J Text Only: http://b ...
0.2," 	2009-06-17 02:52:14", Barclays says in Sumitomo wealth management talks-FT http://u.mavrev.com/bhw7
0.1," 	2009-06-17 03:34:46", Time Management System .._} Barclays says in Sumitomo wealth management talksFT Paychex Announce http://www.getwhatever.com/timemanagement/
0.3," 	2009-06-17 04:41:36", interesting standard chartered bank ad on bts http://twitpic.com/7lm9y
-0.4," 	2009-06-17 05:37:54", RT @itn_news Barclays hit by cashpoint glitch http://tinyurl.com/ljm5c3 Twas a nightmare in Brent Cross
0.4," 	2009-06-17 08:10:23", Singapore: HSBC Nears Agreement to Double Insurance Sales in Singapore - Bloomberg (http://cli.gs/GgtT5v)
-0.4," 	2009-06-17 09:19:09", With the cool $2b+ profit on the barclays deal Abu Dhabi Inc would have answered some of these people :-) http://tinyurl.com/nfdjlf
0.1," 	2009-06-17 09:19:32", 2009-10 Fixtures Announced: Sunderland will play Bolton away in the opening game of the 2009-10 Barclays Premier.. http://tinyurl.com/ktq5yp
0.1," 	2009-06-17 09:38:04", HSBC:Latvian govt has come through with required austerity measures that will trigger the disbursement of IMF+EU funding. LVL safe for now?
0.3," 	2009-06-17 09:51:48", Standard Chartered Gets Final OK For Hldg Co In S Korea http://tinyurl.com/n3yekd
0.1," 	2009-06-17 10:58:37", sensex: HNIs who missed rally still want to invest: Barclays Wealth: A survey that Barclays Wealth carrie.. http://tinyurl.com/lxwpm6
0.2," 	2009-06-17 11:03:38", Rootless borderless and weightless - HSBC ponders the Future of Business in its latest report http://bit.ly/16hctu
-0.3," 	2009-06-17 11:05:54", Yorkshire Post News: Computer problems hit bank: Barclays customers were hit by technical pr.. http://tinyurl.com/ku2dlk
-0.2," 	2009-06-17 11:37:10", RT @Chris_Mellor: Was HDS involved in Barclays outage yesterday
-0.2," 	2009-06-17 12:00:16", http://bit.ly/RyPMx Barclays online and ATM crash after disk array fault http://u.mavrev.com/bme5
-0.2," 	2009-06-17 12:07:18", news about #barclays #fail yesterday http://tinyurl.com/l4dh8b
0.1," 	2009-06-17 12:34:10", Barclays: NVIDIA CORPORATION houden. http://tinyurl.com/km3zya
0.1," 	2009-06-17 12:53:36", is glad to have Barclays Capital joining us for our Golf Tournament featuring WCBS anchor Chris Wragge.. 2 Foursomes left... Anyone else?
0.1," 	2009-06-17 13:13:53", RT @alertrix: The new BPL (Barclays Premeir League) season kicks off on 15th August with Champions Manchester United taking on Birmingham.
-0.2," 	2009-06-17 14:36:38", RT @DominicLloyd: HDS drive array failure suspected in Barclays ATM outage- http://bit.ly/11gOU7 #barclays #ATM #outage
-0.2," 	2009-06-17 14:41:32", Interesting - HDS drive array failure suspected in Barclays ATM outage: Red faces all round after s.. http://ping.fm/XTVvx
-0.2," 	2009-06-17 15:21:41", Disc array fault blamed for Barclays online breakdown - http://www.finextra.com/fullstory.asp?id=20148
0.3," 	2009-06-17 15:43:00", problem here is i was at c-scape in the US and the HSBC CIO was *awesome*. this seems like thin gruel in comparison #cscapeeu
0.1," 	2009-06-17 16:36:12", RT @SetantaUS: http://twitpic.com/7mldf - BARCLAYS PREMIERE LEAGUE 09/10 PRINTABLE SCHEDULE! Retweet it to friends.
0.2," 	2009-06-17 22:27:06", HSBC Payment Gateway Integration--By David10000 on Jun 17--Max Bid: Open to fair suggestions - http://tinyurl.com/klyosc
0.1," 	2009-06-17 23:12:23", Times update Need to know: Barclays Capital ... Chinese milk ... Boeing forecast: Economics http://tinyurl.com/mth6ma
0.2," 	2009-06-17 23:17:03", Sri Lanka May Become 'Hong Kong of India' After War HSBC Says - Bloomberg: Sri Lanka May Become 'Ho.. http://tinyurl.com/n64f3n
0.2," 	2009-06-18 01:14:27", HSBC to take on Scotland's corporate banking giants: BANKING giant HSBC has unveiled ambitious plans to boost it.. http://tinyurl.com/nck6ol
0.2," 	2009-06-18 01:34:16", Debenhams sale 70pct and today is the preview for hsbc cardholders. Yuuuuk?? RT @kudanmarco: @tanskiii mbongkar2 baju gym ga ada have t ...
0.1," 	2009-06-18 01:41:11", waiting for Standard Chartered Singapore Marathon 2009 registrations to launch. itching to run again http://www.singaporemarathon.com/en/
0.2," 	2009-06-18 01:42:39", Lg prihatin. mendadak manage event :p RT @mistymaitimoe Debenhams sale 70pct and today's d preview for hsbc cardholders. Yuuuuk?? @tanskiii
-0.3," 	2009-06-18 02:19:17", Got the obligatory acknowledgment e-mail from HSBC on my complaint about their 1-for-1 GV redemption procedure. :D
0.1," 	2009-06-18 04:59:24", Great views of city! RT @podnosh @simonhowes: Awesome images from the inside and top of Natwest tower in Birmingham. http://bit.ly/4gyQzs
0.2," 	2009-06-18 05:30:18", World Environment Day activities of HSBC | Bangladesh News Network http://bit.ly/L4lpe
0.2," 	2009-06-18 05:59:27", Canara HSBC Oriental Bank of Commerce Life Insurance Celebrates Successful First Year of Operations http://bit.ly/18FV9f
0.1," 	2009-06-18 06:17:07", Events Job: Private Client Services Financial Advisor - HSBC - Florham Park NJ: report control weaknes.. http://bit.ly/41qct
0.1," 	2009-06-18 06:43:31", RT @simonhowes Awesome images from the inside and top of Natwest tower in Birmingham. http://bit.ly/4gyQzs
-0.2," 	2009-06-18 06:53:13", I think I must Sue HSBC
0.1," 	2009-06-18 07:09:15", WOW ! RT @simonhowes Awesome images from the inside and top of Natwest tower in Birmingham. http://bit.ly/4gyQzs
0.2," 	2009-06-18 07:24:03", Standard Chartered CEO sees more Asian listings http://r.reuters.com/vun37c
0.2," 	2009-06-18 07:34:15", Second quarter GDP to grow 3.6 percent: Standard Chartered: http://bit.ly/4zn5GU
0.2," 	2009-06-18 07:38:06", Standard Chartered CEO sees more Asian listings http://bit.ly/3OzdTC
0.1," 	2009-06-18 07:39:30", Lanka may become ‘Hong Kong of India’ after war: HSBC http://www.johnmariani.com/archive/2008/080113/china-hong-ko.. http://tinyurl.com/ ...
0.1," 	2009-06-18 07:53:17", Personal Loan - Direct Sales Representatives | Zebra Strategic Outsource Solution Limited - Citibank | http://bit.ly/mMD9F | #bank
0.3," 	2009-06-18 08:12:49", Charities will pay interest on Barclays loans to match Modernisation Fund: Bank pledges £9.5m to help charities me.. http://tinyurl.com/ ...
0.1," 	2009-06-18 08:15:56", HNIs who missed rally still want to invest: Barclays Wealth http://bit.ly/HOC9g
0.1," 	2009-06-18 08:29:43", Win Movie Tickets Every Month - HSBC Credit Cards : http://www.singpost.com/SAM/sam_promo.htm#
0.2," 	2009-06-18 08:39:19", Standard Chartered CEO Sees More Asian Listings: VC Circle Hong Kong- and London-listed Standard Chartered is look.. http://bit.ly/2uZk8
0.1," 	2009-06-18 09:03:54", #JobeeHive HSBC Review Rating by AVP Delhi India: See HSBC review ratings & advice submitted by AVP .. http://bit.ly/294Ii
0.2," 	2009-06-18 09:11:56", Barclays will provide £9.5 million of matched funding for Modernisation Fund. More money for the sector! http://twurl.nl/ye24ya
0.2," 	2009-06-18 09:13:40", RT @followgreen: HSBC's Climate Change Index Quarterly Report #finance #climatechange #hsbc ° http://ow.ly/eLaU
0.1," 	2009-06-18 09:25:40", @plasmadog Hi. For your RT on barclays fan of india contest you get the branded keychain. Thanks for the tweet. Send DM ur contact details!
0.1," 	2009-06-18 09:28:19", RT @econow: RT @followgreen: HSBC's Climate Change Index Quarterly Report http://bit.ly/OhKiZ #sustainability
0.1," 	2009-06-18 09:41:20", Standard Chartered legal chief quits to set up consultancy http://tinyurl.com/l7quca
-0.2," 	2009-06-18 10:02:00", Bad Economy Will Force HSBC Credit Card Arm to Drop US Operations - http://tinyurl.com/lmblfg
0.1," 	2009-06-18 10:33:40", On eFinancialCareers: Can Barclays Capital really become Goldman Sachs? http://bit.ly/4c27aE
0.1," 	2009-06-18 10:52:29", I'm committed: http://www.hsbctriathlon.com/ms/events/showracedetail.cfm?raceID=265
0.1," 	2009-06-18 11:35:22", HSBC Holdings to delist ILFS Investmart from BSE NSE http://bit.ly/CZISC
0.2," 	2009-06-18 11:58:24", #WEF #jordan09: Standard Chartered CEO Sees More Asian Listings: Source: VCCircle News http://bit.ly/1n4uf
0.2," 	2009-06-18 12:27:42", Barclays fund management arm deal http://bit.ly/9UoYm
0.2," 	2009-06-18 12:43:40", HSBC’s Future of Business Report released - New Face of the UK Unveiled http://zw86e.th8.us
0.1," 	2009-06-18 13:05:27", Senior Business Relationship Manager - HSBC - NY - New York (http://tinyurl.com/nxerbv) CareerBuilder #jobs
0.1," 	2009-06-18 13:05:28", Premier Relationship Manager - HSBC - NY - New York (http://tinyurl.com/m48vav) CareerBuilder #jobs
0.1," 	2009-06-18 13:23:00", Senior Business Relationship Manager - HSBC - NY - New York (http://tinyurl.com/nxerbv) CareerBuilder #jobs
0.1," 	2009-06-18 13:55:15", Premier Relationship Manager HSBC #Jobs #Sales #New York http://jobview.monster.com/getjob.aspx?JobID=81595819
0.1," 	2009-06-18 13:55:16", Senior Business Relationship Manager HSBC #Jobs #Sales #New York http://jobview.monster.com/getjob.aspx?JobID=81595824
0.1," 	2009-06-18 15:57:34", HSBC BANK PLC v 5TH AVENUE PARTNERS LTD AND ANOTHER - [2009] Lloyd's Rep. FC 261: Fraud — “Ponzi&#8221.. http://bit.ly/13r9ij
0.1," 	2009-06-18 16:37:33", HSBC says Sri Lankan economy is growing and we are India's Hong Kong! http://tinyurl.com/mnqa2n
0.1," 	2009-06-18 23:31:22", Former HSBC Chief Economist Pans Auto Bailouts: In an article publisher June 16 in the Penticton Herald forme.. http://tinyurl.com/nc4crs
0.1," 	2009-06-19 00:32:20", Newark Jobs Operations Representative - HSBC Bank - Buffalo NY: Make the Right Move and join a winni.. http://tinyurl.com/lysl7s
0.2," 	2009-06-19 00:34:05", this HSBC commercial reminded me that i've been itching to download some chinese classical music let me see what i can find....
0.1," 	2009-06-19 00:34:47", San Jose Jobs Retail Mortgage Consultant - HSBC Bank - San Jose CA: Make the Right Move and join a.. http://tinyurl.com/mypkdp
0.2," 	2009-06-19 01:28:42", RT @greenbiztweets: HSBC's Climate Change Index Quarterly Report http://bit.ly/8wAeT
0.1," 	2009-06-19 01:28:48", San Jose Jobs Retail Mortgage Consultant - HSBC Bank - San Jose CA: Make the Right Move and join a.. http://tinyurl.com/mypkdp
0.1," 	2009-06-19 01:30:25", Howdy Jello LMAO RT @jerryjamesstone RT @greenbiztweets: HSBC's Climate Change Index Quarterly Report http://bit.ly/8wAeT
0.1," 	2009-06-19 01:37:19", Branch Manager | Public Bank (Hong Kong) 大 眾 銀 行 (香 港 ) | http://bit.ly/2mqla4 | #bank
0.1," 	2009-06-19 01:37:20", Assistant Branch Manager | Public Bank (Hong Kong) 大 眾 銀 行 (香 港 ) | http://bit.ly/qZ1MP | #bank
0.1," 	2009-06-19 01:38:22", Buffalo Jobs Bilingual Customer Relationship Center Outbound Sales Specialist - HSBC Bank - Buffalo.. http://tinyurl.com/mdmk6n
0.1," 	2009-06-19 01:38:25", Buffalo Jobs Senior Vice President Regional Manager Private Client Services Sales - HSBC Bank - Buff.. http://tinyurl.com/mz3gjs
0," 	2009-06-19 02:03:03", Counting Carbon- Deutche Bank Knows the Number: http://bit.ly/BXF6D #business #banking #sustainability #thebrutaltruth
-0.3," 	2009-06-19 03:38:08", Ex-RBS chief agrees to return part of pension: FRED Goodwin the disgraced former Royal Bank of Scotland boss h.. http://digg.com/u167sf
0.2," 	2009-06-19 05:03:29", HSBC Mortgage: What you need to know about HSBC Mortgage http://bit.ly/qW5DG
0.1," 	2009-06-19 05:18:33", Watch the 2009 HSBC FEI World Cup™ Eventing Series at Kihikihi on Trackside TV next week Don't miss it... http://tinyurl.com/ma4qko
0.1," 	2009-06-19 05:36:53", Barclays: Pen http://digg.com/u168HZ
0.1," 	2009-06-19 06:03:01", RT: catherinebarrEVENT - 34 days to go until the 2009 HSBC Celebration of Light lights up the sky over English Bay! July 22 - Canada Night
0.2," 	2009-06-19 08:11:26", #Korea09 Peter Sands head of Standard Chartered Bank: Asia's task is to find growth and development model that is less dependent on exports
-0.2," 	2009-06-19 09:12:31", Does our financial and banking system need a major shake up - err yes! Barclays urged to dump 'casino bank': http://bit.ly/T1mI5
0," 	2009-06-19 09:24:20", @pierredevillier the chaps that built the Barclays ePDQ payment gateway for Virtuemart are geniuses use anything by them.
0.1," 	2009-06-19 09:24:36", WE are one of the few sponsors of Get safe On line along with most of the founding partners HM Government HSBC Microsoft Cable & Wireless
0.2," 	2009-06-19 09:45:48", Barclays integration done just need to do the error handling now and jobs a good-un! Wish it was as easy as a google checkout int though :)
0.1," 	2009-06-19 10:01:39", Advies: Exane BNP Paribas: Standard Chartered kopen. http://tinyurl.com/nomy9r
-0.1," 	2009-06-19 10:51:19", A cheque from Barclays for 9 pence - who says banks aren't helping small companies through the recession?!
-0.3," 	2009-06-19 10:52:31"," RT@talentequity:""Disparity in the compensations in HSBC"" - Says an employee http://bit.ly/11dKRf #review #hsbc"
